{
  "n_events_resolved": 104,
  "n_case_crossover_rows": 30589,
  "provenance_counts": {
    "tier1_ghcn": 58,
    "tier4_20crv3": 37,
    "tier3_era5": 7,
    "tier2_hadcet_mean": 2
  },
  "H1_wilcoxon_signed_rank": {
    "n": 104,
    "statistic": 3520.0,
    "pvalue": 0.005206295431563284,
    "median": 0.5699356733823056
  },
  "H1_sign_test": {
    "n_nonzero": 104,
    "n_positive": 60,
    "proportion_positive": 0.5769230769230769,
    "pvalue": 0.07047814410615405
  },
  "H1_bootstrap_mean_ci": {
    "n": 104,
    "mean": 1.0530406478428374,
    "ci_low": 0.3753978587148037,
    "ci_high": 1.7256098538485403,
    "n_boot": 10000
  },
  "H2_case_crossover": {
    "n_events": 104,
    "n_rows": 30589,
    "covariates": [
      "daylight_h"
    ],
    "beta_per_C": 0.0850934047237098,
    "se_per_C": 0.028775658337529608,
    "or_per_C": 1.0888187627645844,
    "or_ci95_low": 1.0291087273424462,
    "or_ci95_high": 1.151993240995715,
    "pvalue_one_sided": 0.0015525784701010403,
    "pvalue_two_sided": 0.0031051569402020807,
    "covariate_betas": {
      "daylight_h": 0.0017642857871962927
    }
  },
  "H2_stratified_permutation": {
    "n_events": 104,
    "n_perm": 10000,
    "observed_diff_C": 1.0530406478428374,
    "pvalue_one_sided": 0.0015,
    "pvalue_two_sided": 0.003
  },
  "H3_within_event_contrast": {
    "n_events_used": 99,
    "n_events_skipped": 5,
    "window_offsets_days": [
      0,
      -1
    ],
    "surround_offsets_days": [
      -7,
      7
    ],
    "mean_diff_C": 0.7696941337200127,
    "median_diff_C": 0.5,
    "ci95_low_C": -0.0017206511834653687,
    "ci95_high_C": 1.5743737006909915,
    "wilcoxon_statistic": 2988.0,
    "pvalue_one_sided": 0.036684190629061225
  },
  "sigma_rescaled": {
    "n_events": 104,
    "mean_z": 0.25768916210692017,
    "median_z": 0.1856245826435537,
    "ci95_low_z": 0.058841611980424126,
    "ci95_high_z": 0.4529266091834904,
    "fraction_positive": 0.5769230769230769
  },
  "multiple_comparisons": {
    "family_size": 5,
    "alpha": 0.05,
    "bonferroni_threshold": 0.01,
    "bh_cutoff_rank": 4,
    "n_bh_rejected": 4,
    "n_bonferroni_rejected": 3,
    "results": {
      "H2 stratified permutation": {
        "raw_p": 0.0015,
        "rank": 1,
        "bh_adjusted_p": 0.003881446175252601,
        "bh_threshold": 0.010000000000000002,
        "bh_reject": true,
        "bonferroni_adjusted_p": 0.0075,
        "bonferroni_reject": true
      },
      "H2 conditional logit": {
        "raw_p": 0.0015525784701010403,
        "rank": 2,
        "bh_adjusted_p": 0.003881446175252601,
        "bh_threshold": 0.020000000000000004,
        "bh_reject": true,
        "bonferroni_adjusted_p": 0.007762892350505202,
        "bonferroni_reject": true
      },
      "H1 Wilcoxon signed-rank": {
        "raw_p": 0.005206295431563284,
        "rank": 3,
        "bh_adjusted_p": 0.008677159052605474,
        "bh_threshold": 0.03,
        "bh_reject": true,
        "bonferroni_adjusted_p": 0.02603147715781642,
        "bonferroni_reject": true
      },
      "H3 within-event contrast": {
        "raw_p": 0.036684190629061225,
        "rank": 4,
        "bh_adjusted_p": 0.04585523828632653,
        "bh_threshold": 0.04000000000000001,
        "bh_reject": true,
        "bonferroni_adjusted_p": 0.18342095314530613,
        "bonferroni_reject": false
      },
      "H1 sign test": {
        "raw_p": 0.07047814410615405,
        "rank": 5,
        "bh_adjusted_p": 0.07047814410615405,
        "bh_threshold": 0.05,
        "bh_reject": false,
        "bonferroni_adjusted_p": 0.35239072053077025,
        "bonferroni_reject": false
      }
    }
  }
}